-- phpMyAdmin SQL Dump
-- version 4.7.7
-- https://www.phpmyadmin.net/
--
-- Host: 127.0.0.1
-- Generation Time: Apr 18, 2020 at 08:02 AM
-- Server version: 10.1.30-MariaDB
-- PHP Version: 7.2.2

SET SQL_MODE = "NO_AUTO_VALUE_ON_ZERO";
SET AUTOCOMMIT = 0;
START TRANSACTION;
SET time_zone = "+00:00";


/*!40101 SET @OLD_CHARACTER_SET_CLIENT=@@CHARACTER_SET_CLIENT */;
/*!40101 SET @OLD_CHARACTER_SET_RESULTS=@@CHARACTER_SET_RESULTS */;
/*!40101 SET @OLD_COLLATION_CONNECTION=@@COLLATION_CONNECTION */;
/*!40101 SET NAMES utf8mb4 */;

--
-- Database: `lab_if`
--

-- --------------------------------------------------------

--
-- Table structure for table `groups`
--

CREATE TABLE `groups` (
  `id` mediumint(8) UNSIGNED NOT NULL,
  `name` varchar(20) NOT NULL,
  `description` varchar(100) NOT NULL
) ENGINE=InnoDB DEFAULT CHARSET=utf8;

--
-- Dumping data for table `groups`
--

INSERT INTO `groups` (`id`, `name`, `description`) VALUES
(1, 'admin', 'Administrator'),
(2, 'members', 'General User');

-- --------------------------------------------------------

--
-- Table structure for table `invenitri_session`
--

CREATE TABLE `invenitri_session` (
  `id` varchar(40) NOT NULL,
  `ip_address` varchar(45) NOT NULL,
  `timestamp` int(10) UNSIGNED NOT NULL DEFAULT '0',
  `data` blob NOT NULL
) ENGINE=MyISAM DEFAULT CHARSET=latin1;

--
-- Dumping data for table `invenitri_session`
--

INSERT INTO `invenitri_session` (`id`, `ip_address`, `timestamp`, `data`) VALUES
('4299at30qb7d0tmoraavmno6p6of21s4', '::1', 1587045515, 0x5f5f63695f6c6173745f726567656e65726174657c693a313538373034353531353b6964656e746974797c733a31333a2261646d696e6973747261746f72223b757365726e616d657c733a31333a2261646d696e6973747261746f72223b656d61696c7c733a31353a2261646d696e4061646d696e2e636f6d223b757365725f69647c733a313a2231223b6f6c645f6c6173745f6c6f67696e7c733a31303a2231353836393638343338223b6c6173745f636865636b7c693a313538373034303431323b),
('te0kef19stl95892kv8njodis40cr8lj', '::1', 1587044594, 0x5f5f63695f6c6173745f726567656e65726174657c693a313538373034343539343b6964656e746974797c733a31333a2261646d696e6973747261746f72223b757365726e616d657c733a31333a2261646d696e6973747261746f72223b656d61696c7c733a31353a2261646d696e4061646d696e2e636f6d223b757365725f69647c733a313a2231223b6f6c645f6c6173745f6c6f67696e7c733a31303a2231353836393638343338223b6c6173745f636865636b7c693a313538373034303431323b6d6573736167657c733a3134363a223c64697620636c6173733d22616c65727420616c6572742d696e666f223e3c627574746f6e20747970653d22627574746f6e2220636c6173733d22636c6f73652220646174612d6469736d6973733d22616c6572742220617269612d68696464656e3d2274727565223e2674696d65733b3c2f627574746f6e3e496e76656e746f72792055706461746564213c2f6469763e223b5f5f63695f766172737c613a313a7b733a373a226d657373616765223b733a333a226f6c64223b7d),
('9mvaea92qb7jns3a16uefn7as8gh20ve', '::1', 1587044248, 0x5f5f63695f6c6173745f726567656e65726174657c693a313538373034343234383b6964656e746974797c733a31333a2261646d696e6973747261746f72223b757365726e616d657c733a31333a2261646d696e6973747261746f72223b656d61696c7c733a31353a2261646d696e4061646d696e2e636f6d223b757365725f69647c733a313a2231223b6f6c645f6c6173745f6c6f67696e7c733a31303a2231353836393638343338223b6c6173745f636865636b7c693a313538373034303431323b),
('pc7qovbotjj0hd0t029e9bc1d0h24n6l', '::1', 1587043311, 0x5f5f63695f6c6173745f726567656e65726174657c693a313538373034333331313b6964656e746974797c733a31333a2261646d696e6973747261746f72223b757365726e616d657c733a31333a2261646d696e6973747261746f72223b656d61696c7c733a31353a2261646d696e4061646d696e2e636f6d223b757365725f69647c733a313a2231223b6f6c645f6c6173745f6c6f67696e7c733a31303a2231353836393638343338223b6c6173745f636865636b7c693a313538373034303431323b),
('qi2ot0snb5jalf0m74lg7dm9b3r2mue1', '::1', 1587043899, 0x5f5f63695f6c6173745f726567656e65726174657c693a313538373034333839393b6964656e746974797c733a31333a2261646d696e6973747261746f72223b757365726e616d657c733a31333a2261646d696e6973747261746f72223b656d61696c7c733a31353a2261646d696e4061646d696e2e636f6d223b757365725f69647c733a313a2231223b6f6c645f6c6173745f6c6f67696e7c733a31303a2231353836393638343338223b6c6173745f636865636b7c693a313538373034303431323b),
('141srkstq0bqeoj2sbdj7t52n7dtkvqe', '::1', 1587042908, 0x5f5f63695f6c6173745f726567656e65726174657c693a313538373034323930383b6964656e746974797c733a31333a2261646d696e6973747261746f72223b757365726e616d657c733a31333a2261646d696e6973747261746f72223b656d61696c7c733a31353a2261646d696e4061646d696e2e636f6d223b757365725f69647c733a313a2231223b6f6c645f6c6173745f6c6f67696e7c733a31303a2231353836393638343338223b6c6173745f636865636b7c693a313538373034303431323b),
('r2uq3mm3691cvmpnu4foofv7bvmtvjlg', '::1', 1587042013, 0x5f5f63695f6c6173745f726567656e65726174657c693a313538373034323031333b6964656e746974797c733a31333a2261646d696e6973747261746f72223b757365726e616d657c733a31333a2261646d696e6973747261746f72223b656d61696c7c733a31353a2261646d696e4061646d696e2e636f6d223b757365725f69647c733a313a2231223b6f6c645f6c6173745f6c6f67696e7c733a31303a2231353836393638343338223b6c6173745f636865636b7c693a313538373034303431323b6d6573736167657c733a3134363a223c64697620636c6173733d22616c65727420616c6572742d696e666f223e3c627574746f6e20747970653d22627574746f6e2220636c6173733d22636c6f73652220646174612d6469736d6973733d22616c6572742220617269612d68696464656e3d2274727565223e2674696d65733b3c2f627574746f6e3e496e76656e746f72792055706461746564213c2f6469763e223b5f5f63695f766172737c613a313a7b733a373a226d657373616765223b733a333a226f6c64223b7d),
('aa9ld7510ggrh1psuobeit2g6bmhou5p', '::1', 1587042600, 0x5f5f63695f6c6173745f726567656e65726174657c693a313538373034323630303b6964656e746974797c733a31333a2261646d696e6973747261746f72223b757365726e616d657c733a31333a2261646d696e6973747261746f72223b656d61696c7c733a31353a2261646d696e4061646d696e2e636f6d223b757365725f69647c733a313a2231223b6f6c645f6c6173745f6c6f67696e7c733a31303a2231353836393638343338223b6c6173745f636865636b7c693a313538373034303431323b),
('pvb3o448qjdfqm3g7g1oar3g3g3bl4pd', '::1', 1587041663, 0x5f5f63695f6c6173745f726567656e65726174657c693a313538373034313636333b6964656e746974797c733a31333a2261646d696e6973747261746f72223b757365726e616d657c733a31333a2261646d696e6973747261746f72223b656d61696c7c733a31353a2261646d696e4061646d696e2e636f6d223b757365725f69647c733a313a2231223b6f6c645f6c6173745f6c6f67696e7c733a31303a2231353836393638343338223b6c6173745f636865636b7c693a313538373034303431323b6d6573736167657c733a3134363a223c64697620636c6173733d22616c65727420616c6572742d696e666f223e3c627574746f6e20747970653d22627574746f6e2220636c6173733d22636c6f73652220646174612d6469736d6973733d22616c6572742220617269612d68696464656e3d2274727565223e2674696d65733b3c2f627574746f6e3e496e76656e746f72792055706461746564213c2f6469763e223b5f5f63695f766172737c613a313a7b733a373a226d657373616765223b733a333a226f6c64223b7d),
('m4nbpo4d6n2qg6188k9gb51ghrvh6hkg', '::1', 1587041338, 0x5f5f63695f6c6173745f726567656e65726174657c693a313538373034313333383b6964656e746974797c733a31333a2261646d696e6973747261746f72223b757365726e616d657c733a31333a2261646d696e6973747261746f72223b656d61696c7c733a31353a2261646d696e4061646d696e2e636f6d223b757365725f69647c733a313a2231223b6f6c645f6c6173745f6c6f67696e7c733a31303a2231353836393638343338223b6c6173745f636865636b7c693a313538373034303431323b),
('uajejmh9rgm9n2qj2h0ks3b7rvdjc049', '::1', 1587040748, 0x5f5f63695f6c6173745f726567656e65726174657c693a313538373034303734383b6964656e746974797c733a31333a2261646d696e6973747261746f72223b757365726e616d657c733a31333a2261646d696e6973747261746f72223b656d61696c7c733a31353a2261646d696e4061646d696e2e636f6d223b757365725f69647c733a313a2231223b6f6c645f6c6173745f6c6f67696e7c733a31303a2231353836393638343338223b6c6173745f636865636b7c693a313538373034303431323b6d6573736167657c733a3134363a223c64697620636c6173733d22616c65727420616c6572742d696e666f223e3c627574746f6e20747970653d22627574746f6e2220636c6173733d22636c6f73652220646174612d6469736d6973733d22616c6572742220617269612d68696464656e3d2274727565223e2674696d65733b3c2f627574746f6e3e496e76656e746f72792055706461746564213c2f6469763e223b5f5f63695f766172737c613a313a7b733a373a226d657373616765223b733a333a226f6c64223b7d),
('fk9q7ce3g960dndp4r16q5on84j4lnig', '::1', 1586969314, 0x5f5f63695f6c6173745f726567656e65726174657c693a313538363936393331343b6964656e746974797c733a31333a2261646d696e6973747261746f72223b757365726e616d657c733a31333a2261646d696e6973747261746f72223b656d61696c7c733a31353a2261646d696e4061646d696e2e636f6d223b757365725f69647c733a313a2231223b6f6c645f6c6173745f6c6f67696e7c733a31303a2231353836393636353135223b6c6173745f636865636b7c693a313538363936383433383b),
('6o0vgbuti95ap4uthrglqucl6dgmrc6t', '::1', 1586968373, 0x5f5f63695f6c6173745f726567656e65726174657c693a313538363936383337333b),
('vqs58gmnc0ttgncacv4r8cdijptpms7s', '::1', 1586968985, 0x5f5f63695f6c6173745f726567656e65726174657c693a313538363936383938353b6964656e746974797c733a31333a2261646d696e6973747261746f72223b757365726e616d657c733a31333a2261646d696e6973747261746f72223b656d61696c7c733a31353a2261646d696e4061646d696e2e636f6d223b757365725f69647c733a313a2231223b6f6c645f6c6173745f6c6f67696e7c733a31303a2231353836393636353135223b6c6173745f636865636b7c693a313538363936383433383b),
('6kfk661lsuo5mo9n25l1kmibt8sc5bkf', '::1', 1586969314, 0x5f5f63695f6c6173745f726567656e65726174657c693a313538363936393331343b6964656e746974797c733a31333a2261646d696e6973747261746f72223b757365726e616d657c733a31333a2261646d696e6973747261746f72223b656d61696c7c733a31353a2261646d696e4061646d696e2e636f6d223b757365725f69647c733a313a2231223b6f6c645f6c6173745f6c6f67696e7c733a31303a2231353836393636353135223b6c6173745f636865636b7c693a313538363936383433383b),
('7b3p4nlcj3kcc0rjrmf27uphj7j643k9', '::1', 1586967081, 0x5f5f63695f6c6173745f726567656e65726174657c693a313538363936373038313b6964656e746974797c733a31333a2261646d696e6973747261746f72223b757365726e616d657c733a31333a2261646d696e6973747261746f72223b656d61696c7c733a31353a2261646d696e4061646d696e2e636f6d223b757365725f69647c733a313a2231223b6f6c645f6c6173745f6c6f67696e7c733a31303a2231353836393632383131223b6c6173745f636865636b7c693a313538363936363531353b),
('5u06hrt6qs7vv1i8opg01ck5a4sntdls', '::1', 1586967399, 0x5f5f63695f6c6173745f726567656e65726174657c693a313538363936373339393b6964656e746974797c733a31333a2261646d696e6973747261746f72223b757365726e616d657c733a31333a2261646d696e6973747261746f72223b656d61696c7c733a31353a2261646d696e4061646d696e2e636f6d223b757365725f69647c733a313a2231223b6f6c645f6c6173745f6c6f67696e7c733a31303a2231353836393632383131223b6c6173745f636865636b7c693a313538363936363531353b6d6573736167657c733a3134363a223c64697620636c6173733d22616c65727420616c6572742d696e666f223e3c627574746f6e20747970653d22627574746f6e2220636c6173733d22636c6f73652220646174612d6469736d6973733d22616c6572742220617269612d68696464656e3d2274727565223e2674696d65733b3c2f627574746f6e3e496e76656e746f72792044656c65746564213c2f6469763e223b5f5f63695f766172737c613a313a7b733a373a226d657373616765223b733a333a226e6577223b7d),
('3fo9hmv8cc9iks3dghnr1p3akk2lpf3t', '::1', 1586966433, 0x5f5f63695f6c6173745f726567656e65726174657c693a313538363936363433333b),
('hnuflhb6dcdshtture7n94pv78tang1s', '::1', 1586966090, 0x5f5f63695f6c6173745f726567656e65726174657c693a313538363936363039303b6964656e746974797c733a31333a2261646d696e6973747261746f72223b757365726e616d657c733a31333a2261646d696e6973747261746f72223b656d61696c7c733a31353a2261646d696e4061646d696e2e636f6d223b757365725f69647c733a313a2231223b6f6c645f6c6173745f6c6f67696e7c733a31303a2231353836383636333837223b6c6173745f636865636b7c693a313538363936323831313b),
('62pkevkjrqv4tv9ksniu237rc5bm6jkc', '::1', 1586966758, 0x5f5f63695f6c6173745f726567656e65726174657c693a313538363936363735383b6964656e746974797c733a31333a2261646d696e6973747261746f72223b757365726e616d657c733a31333a2261646d696e6973747261746f72223b656d61696c7c733a31353a2261646d696e4061646d696e2e636f6d223b757365725f69647c733a313a2231223b6f6c645f6c6173745f6c6f67696e7c733a31303a2231353836393632383131223b6c6173745f636865636b7c693a313538363936363531353b),
('f6q6mmrjke0n0sjmsdb2pakh5113jrda', '::1', 1586965180, 0x5f5f63695f6c6173745f726567656e65726174657c693a313538363936353138303b6964656e746974797c733a31333a2261646d696e6973747261746f72223b757365726e616d657c733a31333a2261646d696e6973747261746f72223b656d61696c7c733a31353a2261646d696e4061646d696e2e636f6d223b757365725f69647c733a313a2231223b6f6c645f6c6173745f6c6f67696e7c733a31303a2231353836383636333837223b6c6173745f636865636b7c693a313538363936323831313b),
('18tmkgsufje9fjmbepko2l57lsnk5hpb', '::1', 1586964504, 0x5f5f63695f6c6173745f726567656e65726174657c693a313538363936343530343b6964656e746974797c733a31333a2261646d696e6973747261746f72223b757365726e616d657c733a31333a2261646d696e6973747261746f72223b656d61696c7c733a31353a2261646d696e4061646d696e2e636f6d223b757365725f69647c733a313a2231223b6f6c645f6c6173745f6c6f67696e7c733a31303a2231353836383636333837223b6c6173745f636865636b7c693a313538363936323831313b),
('iio47no2h0e556c831fgjl7kek1q5t9g', '::1', 1586964819, 0x5f5f63695f6c6173745f726567656e65726174657c693a313538363936343831393b6964656e746974797c733a31333a2261646d696e6973747261746f72223b757365726e616d657c733a31333a2261646d696e6973747261746f72223b656d61696c7c733a31353a2261646d696e4061646d696e2e636f6d223b757365725f69647c733a313a2231223b6f6c645f6c6173745f6c6f67696e7c733a31303a2231353836383636333837223b6c6173745f636865636b7c693a313538363936323831313b),
('pdt41pqrmfohja9c532jevebkv5drh4s', '::1', 1586964142, 0x5f5f63695f6c6173745f726567656e65726174657c693a313538363936343134323b6964656e746974797c733a31333a2261646d696e6973747261746f72223b757365726e616d657c733a31333a2261646d696e6973747261746f72223b656d61696c7c733a31353a2261646d696e4061646d696e2e636f6d223b757365725f69647c733a313a2231223b6f6c645f6c6173745f6c6f67696e7c733a31303a2231353836383636333837223b6c6173745f636865636b7c693a313538363936323831313b),
('sa9tp2259dd2uemq3cplff3vnaffu282', '::1', 1586963828, 0x5f5f63695f6c6173745f726567656e65726174657c693a313538363936333832383b6964656e746974797c733a31333a2261646d696e6973747261746f72223b757365726e616d657c733a31333a2261646d696e6973747261746f72223b656d61696c7c733a31353a2261646d696e4061646d696e2e636f6d223b757365725f69647c733a313a2231223b6f6c645f6c6173745f6c6f67696e7c733a31303a2231353836383636333837223b6c6173745f636865636b7c693a313538363936323831313b),
('3rqfcom7qvg3mrkamp6kp4okusvpijrq', '::1', 1586866402, 0x5f5f63695f6c6173745f726567656e65726174657c693a313538363836363430323b6d6573736167657c733a3135313a223c64697620636c6173733d22616c65727420616c6572742d696e666f223e3c627574746f6e20747970653d22627574746f6e2220636c6173733d22636c6f73652220646174612d6469736d6973733d22616c6572742220617269612d68696464656e3d2274727565223e2674696d65733b3c2f627574746f6e3e4c6f67676564204f7574205375636365737366756c6c793c2f6469763e223b5f5f63695f766172737c613a313a7b733a373a226d657373616765223b733a333a226f6c64223b7d),
('9qrj2s2qobnaf8o13jicc3lgddbuq2dj', '::1', 1586962572, 0x5f5f63695f6c6173745f726567656e65726174657c693a313538363936323537323b),
('ke4o3qhr54lmi340ji464j6e65k92p12', '::1', 1586962941, 0x5f5f63695f6c6173745f726567656e65726174657c693a313538363936323934313b6964656e746974797c733a31333a2261646d696e6973747261746f72223b757365726e616d657c733a31333a2261646d696e6973747261746f72223b656d61696c7c733a31353a2261646d696e4061646d696e2e636f6d223b757365725f69647c733a313a2231223b6f6c645f6c6173745f6c6f67696e7c733a31303a2231353836383636333837223b6c6173745f636865636b7c693a313538363936323831313b),
('klrb33tfi2ev963n724k3ob38qitraep', '::1', 1586847792, 0x5f5f63695f6c6173745f726567656e65726174657c693a313538363834373536313b6964656e746974797c733a31333a2261646d696e6973747261746f72223b757365726e616d657c733a31333a2261646d696e6973747261746f72223b656d61696c7c733a31353a2261646d696e4061646d696e2e636f6d223b757365725f69647c733a313a2231223b6f6c645f6c6173745f6c6f67696e7c733a31303a2231353836383337383833223b6c6173745f636865636b7c693a313538363834353731333b6d6573736167657c733a3137313a223c64697620636c6173733d22616c65727420616c6572742d73756363657373223e3c627574746f6e20747970653d22627574746f6e2220636c6173733d22636c6f73652220646174612d6469736d6973733d22616c6572742220617269612d68696464656e3d2274727565223e2674696d65733b3c2f627574746f6e3e53656172636820726573756c74732077697468206b6579776f72642027323032302d30342d3134273c2f6469763e223b5f5f63695f766172737c613a313a7b733a373a226d657373616765223b733a333a226e6577223b7d),
('rq05lrj2e749vlpl4f52rs9s4iseo588', '::1', 1586847561, 0x5f5f63695f6c6173745f726567656e65726174657c693a313538363834373536313b6964656e746974797c733a31333a2261646d696e6973747261746f72223b757365726e616d657c733a31333a2261646d696e6973747261746f72223b656d61696c7c733a31353a2261646d696e4061646d696e2e636f6d223b757365725f69647c733a313a2231223b6f6c645f6c6173745f6c6f67696e7c733a31303a2231353836383337383833223b6c6173745f636865636b7c693a313538363834353731333b),
('59guv3j48ahivipfe3p5ljlqa0eu8q5m', '::1', 1586963503, 0x5f5f63695f6c6173745f726567656e65726174657c693a313538363936333530333b6964656e746974797c733a31333a2261646d696e6973747261746f72223b757365726e616d657c733a31333a2261646d696e6973747261746f72223b656d61696c7c733a31353a2261646d696e4061646d696e2e636f6d223b757365725f69647c733a313a2231223b6f6c645f6c6173745f6c6f67696e7c733a31303a2231353836383636333837223b6c6173745f636865636b7c693a313538363936323831313b),
('gkugbt0vu40jp162k0cloc88m2hdhoj3', '::1', 1586847253, 0x5f5f63695f6c6173745f726567656e65726174657c693a313538363834373235333b6964656e746974797c733a31333a2261646d696e6973747261746f72223b757365726e616d657c733a31333a2261646d696e6973747261746f72223b656d61696c7c733a31353a2261646d696e4061646d696e2e636f6d223b757365725f69647c733a313a2231223b6f6c645f6c6173745f6c6f67696e7c733a31303a2231353836383337383833223b6c6173745f636865636b7c693a313538363834353731333b),
('tea7p92otboboj4g8o2uplcvgj8cp6uu', '::1', 1586846311, 0x5f5f63695f6c6173745f726567656e65726174657c693a313538363834363331313b6964656e746974797c733a31333a2261646d696e6973747261746f72223b757365726e616d657c733a31333a2261646d696e6973747261746f72223b656d61696c7c733a31353a2261646d696e4061646d696e2e636f6d223b757365725f69647c733a313a2231223b6f6c645f6c6173745f6c6f67696e7c733a31303a2231353836383337383833223b6c6173745f636865636b7c693a313538363834353731333b),
('kp6pu1uk8hjlsnl95ht83gg92i2re79h', '::1', 1586846945, 0x5f5f63695f6c6173745f726567656e65726174657c693a313538363834363934353b6964656e746974797c733a31333a2261646d696e6973747261746f72223b757365726e616d657c733a31333a2261646d696e6973747261746f72223b656d61696c7c733a31353a2261646d696e4061646d696e2e636f6d223b757365725f69647c733a313a2231223b6f6c645f6c6173745f6c6f67696e7c733a31303a2231353836383337383833223b6c6173745f636865636b7c693a313538363834353731333b6d6573736167657c733a3137313a223c64697620636c6173733d22616c65727420616c6572742d73756363657373223e3c627574746f6e20747970653d22627574746f6e2220636c6173733d22636c6f73652220646174612d6469736d6973733d22616c6572742220617269612d68696464656e3d2274727565223e2674696d65733b3c2f627574746f6e3e53656172636820726573756c74732077697468206b6579776f72642027323032302d30342d3134273c2f6469763e223b5f5f63695f766172737c613a313a7b733a373a226d657373616765223b733a333a226e6577223b7d),
('0evl3c3r79rojeqmipibspov3rk3beru', '::1', 1586845939, 0x5f5f63695f6c6173745f726567656e65726174657c693a313538363834353933393b6964656e746974797c733a31333a2261646d696e6973747261746f72223b757365726e616d657c733a31333a2261646d696e6973747261746f72223b656d61696c7c733a31353a2261646d696e4061646d696e2e636f6d223b757365725f69647c733a313a2231223b6f6c645f6c6173745f6c6f67696e7c733a31303a2231353836383337383833223b6c6173745f636865636b7c693a313538363834353731333b),
('vd9iufndf398hen84c301vmu5qoq9j3b', '::1', 1586843791, 0x5f5f63695f6c6173745f726567656e65726174657c693a313538363834333739313b),
('ovmh704fe564ig7nccmkdr8ecpcm3j9f', '::1', 1586844284, 0x5f5f63695f6c6173745f726567656e65726174657c693a313538363834343238343b),
('00k2924k217bdvuo1ljocniv6cef4k83', '::1', 1586844601, 0x5f5f63695f6c6173745f726567656e65726174657c693a313538363834343630313b),
('1851ea24o8peh3ba6p40d4p6gj3iq545', '::1', 1586842149, 0x5f5f63695f6c6173745f726567656e65726174657c693a313538363834323134393b),
('mprvl25p666vadrkn387rarrjds7rguv', '::1', 1586845588, 0x5f5f63695f6c6173745f726567656e65726174657c693a313538363834353538383b6d6573736167657c733a3137313a223c64697620636c6173733d22616c65727420616c6572742d73756363657373223e3c627574746f6e20747970653d22627574746f6e2220636c6173733d22636c6f73652220646174612d6469736d6973733d22616c6572742220617269612d68696464656e3d2274727565223e2674696d65733b3c2f627574746f6e3e53656172636820726573756c74732077697468206b6579776f72642027323032302d30342d3134273c2f6469763e223b5f5f63695f766172737c613a313a7b733a373a226d657373616765223b733a333a226e6577223b7d),
('q02tbfv3b4fl3dagts20vicrf2f6nfv4', '::1', 1586841525, 0x5f5f63695f6c6173745f726567656e65726174657c693a313538363834313532353b6964656e746974797c733a31333a2261646d696e6973747261746f72223b757365726e616d657c733a31333a2261646d696e6973747261746f72223b656d61696c7c733a31353a2261646d696e4061646d696e2e636f6d223b757365725f69647c733a313a2231223b6f6c645f6c6173745f6c6f67696e7c733a31303a2231353836373934313231223b6c6173745f636865636b7c693a313538363833373838333b),
('tucudqcvj7o5o5u0png18ltec2gknj3o', '::1', 1586841145, 0x5f5f63695f6c6173745f726567656e65726174657c693a313538363834313134353b6964656e746974797c733a31333a2261646d696e6973747261746f72223b757365726e616d657c733a31333a2261646d696e6973747261746f72223b656d61696c7c733a31353a2261646d696e4061646d696e2e636f6d223b757365725f69647c733a313a2231223b6f6c645f6c6173745f6c6f67696e7c733a31303a2231353836373934313231223b6c6173745f636865636b7c693a313538363833373838333b),
('94ba5rsk5dq1ardgfgdegpdnnglj39di', '::1', 1586840782, 0x5f5f63695f6c6173745f726567656e65726174657c693a313538363834303738323b6964656e746974797c733a31333a2261646d696e6973747261746f72223b757365726e616d657c733a31333a2261646d696e6973747261746f72223b656d61696c7c733a31353a2261646d696e4061646d696e2e636f6d223b757365725f69647c733a313a2231223b6f6c645f6c6173745f6c6f67696e7c733a31303a2231353836373934313231223b6c6173745f636865636b7c693a313538363833373838333b),
('gj3mv9io4ldd01ussc1htus9efbdb34t', '::1', 1586840320, 0x5f5f63695f6c6173745f726567656e65726174657c693a313538363834303332303b6964656e746974797c733a31333a2261646d696e6973747261746f72223b757365726e616d657c733a31333a2261646d696e6973747261746f72223b656d61696c7c733a31353a2261646d696e4061646d696e2e636f6d223b757365725f69647c733a313a2231223b6f6c645f6c6173745f6c6f67696e7c733a31303a2231353836373934313231223b6c6173745f636865636b7c693a313538363833373838333b),
('9ol7qnaljbslvrbp1v0lei716k2c28jl', '::1', 1586839990, 0x5f5f63695f6c6173745f726567656e65726174657c693a313538363833393939303b6964656e746974797c733a31333a2261646d696e6973747261746f72223b757365726e616d657c733a31333a2261646d696e6973747261746f72223b656d61696c7c733a31353a2261646d696e4061646d696e2e636f6d223b757365725f69647c733a313a2231223b6f6c645f6c6173745f6c6f67696e7c733a31303a2231353836373934313231223b6c6173745f636865636b7c693a313538363833373838333b),
('3thnd7bpr6nbqf6o18uvtkhk0i2vqcvg', '::1', 1586839654, 0x5f5f63695f6c6173745f726567656e65726174657c693a313538363833393635343b6964656e746974797c733a31333a2261646d696e6973747261746f72223b757365726e616d657c733a31333a2261646d696e6973747261746f72223b656d61696c7c733a31353a2261646d696e4061646d696e2e636f6d223b757365725f69647c733a313a2231223b6f6c645f6c6173745f6c6f67696e7c733a31303a2231353836373934313231223b6c6173745f636865636b7c693a313538363833373838333b),
('9583h9hn0eodsunmn1jd1hb779g42ktt', '::1', 1586839178, 0x5f5f63695f6c6173745f726567656e65726174657c693a313538363833393137383b6964656e746974797c733a31333a2261646d696e6973747261746f72223b757365726e616d657c733a31333a2261646d696e6973747261746f72223b656d61696c7c733a31353a2261646d696e4061646d696e2e636f6d223b757365725f69647c733a313a2231223b6f6c645f6c6173745f6c6f67696e7c733a31303a2231353836373934313231223b6c6173745f636865636b7c693a313538363833373838333b),
('nntbimu95uai0kfjeogbfbjb0pcf9cef', '::1', 1586838477, 0x5f5f63695f6c6173745f726567656e65726174657c693a313538363833383437373b6964656e746974797c733a31333a2261646d696e6973747261746f72223b757365726e616d657c733a31333a2261646d696e6973747261746f72223b656d61696c7c733a31353a2261646d696e4061646d696e2e636f6d223b757365725f69647c733a313a2231223b6f6c645f6c6173745f6c6f67696e7c733a31303a2231353836373934313231223b6c6173745f636865636b7c693a313538363833373838333b),
('ttvkumt5avi2e7n8cvhguk00oqj6noad', '::1', 1586838864, 0x5f5f63695f6c6173745f726567656e65726174657c693a313538363833383836343b6964656e746974797c733a31333a2261646d696e6973747261746f72223b757365726e616d657c733a31333a2261646d696e6973747261746f72223b656d61696c7c733a31353a2261646d696e4061646d696e2e636f6d223b757365725f69647c733a313a2231223b6f6c645f6c6173745f6c6f67696e7c733a31303a2231353836373934313231223b6c6173745f636865636b7c693a313538363833373838333b),
('rl75d9jfti7sl5sk2v28u1ed2j9lu7gl', '::1', 1586838165, 0x5f5f63695f6c6173745f726567656e65726174657c693a313538363833383136353b6964656e746974797c733a31333a2261646d696e6973747261746f72223b757365726e616d657c733a31333a2261646d696e6973747261746f72223b656d61696c7c733a31353a2261646d696e4061646d696e2e636f6d223b757365725f69647c733a313a2231223b6f6c645f6c6173745f6c6f67696e7c733a31303a2231353836373934313231223b6c6173745f636865636b7c693a313538363833373838333b),
('brdoqdti9flvba7vio0lnn0hdu8748g2', '::1', 1586796662, 0x5f5f63695f6c6173745f726567656e65726174657c693a313538363739363337303b6964656e746974797c733a31333a2261646d696e6973747261746f72223b757365726e616d657c733a31333a2261646d696e6973747261746f72223b656d61696c7c733a31353a2261646d696e4061646d696e2e636f6d223b757365725f69647c733a313a2231223b6f6c645f6c6173745f6c6f67696e7c733a31303a2231353836373834303834223b6c6173745f636865636b7c693a313538363739343132313b),
('inokp51i42npotvb1sg0eap7nud2ssvi', '::1', 1586796370, 0x5f5f63695f6c6173745f726567656e65726174657c693a313538363739363337303b6964656e746974797c733a31333a2261646d696e6973747261746f72223b757365726e616d657c733a31333a2261646d696e6973747261746f72223b656d61696c7c733a31353a2261646d696e4061646d696e2e636f6d223b757365725f69647c733a313a2231223b6f6c645f6c6173745f6c6f67696e7c733a31303a2231353836373834303834223b6c6173745f636865636b7c693a313538363739343132313b),
('ns5594a86gfjr689otbubsoqj22pug2d', '::1', 1586796020, 0x5f5f63695f6c6173745f726567656e65726174657c693a313538363739363032303b6964656e746974797c733a31333a2261646d696e6973747261746f72223b757365726e616d657c733a31333a2261646d696e6973747261746f72223b656d61696c7c733a31353a2261646d696e4061646d696e2e636f6d223b757365725f69647c733a313a2231223b6f6c645f6c6173745f6c6f67696e7c733a31303a2231353836373834303834223b6c6173745f636865636b7c693a313538363739343132313b),
('3m3m3qt4ip4bfmphman16gdhb357au38', '::1', 1586795703, 0x5f5f63695f6c6173745f726567656e65726174657c693a313538363739353730333b6964656e746974797c733a31333a2261646d696e6973747261746f72223b757365726e616d657c733a31333a2261646d696e6973747261746f72223b656d61696c7c733a31353a2261646d696e4061646d696e2e636f6d223b757365725f69647c733a313a2231223b6f6c645f6c6173745f6c6f67696e7c733a31303a2231353836373834303834223b6c6173745f636865636b7c693a313538363739343132313b),
('9henn0ai7phseren708bilt4kma0u33o', '::1', 1586794969, 0x5f5f63695f6c6173745f726567656e65726174657c693a313538363739343936393b6964656e746974797c733a31333a2261646d696e6973747261746f72223b757365726e616d657c733a31333a2261646d696e6973747261746f72223b656d61696c7c733a31353a2261646d696e4061646d696e2e636f6d223b757365725f69647c733a313a2231223b6f6c645f6c6173745f6c6f67696e7c733a31303a2231353836373834303834223b6c6173745f636865636b7c693a313538363739343132313b),
('1dbvnu35u5633duo5mvcsuo20tdl2ocv', '::1', 1586795321, 0x5f5f63695f6c6173745f726567656e65726174657c693a313538363739353332313b6964656e746974797c733a31333a2261646d696e6973747261746f72223b757365726e616d657c733a31333a2261646d696e6973747261746f72223b656d61696c7c733a31353a2261646d696e4061646d696e2e636f6d223b757365725f69647c733a313a2231223b6f6c645f6c6173745f6c6f67696e7c733a31303a2231353836373834303834223b6c6173745f636865636b7c693a313538363739343132313b),
('e3282c0dse0mdcfaknnfs50822kkugni', '::1', 1586790751, 0x5f5f63695f6c6173745f726567656e65726174657c693a313538363739303735313b6d6573736167657c733a3137313a223c64697620636c6173733d22616c65727420616c6572742d73756363657373223e3c627574746f6e20747970653d22627574746f6e2220636c6173733d22636c6f73652220646174612d6469736d6973733d22616c6572742220617269612d68696464656e3d2274727565223e2674696d65733b3c2f627574746f6e3e53656172636820726573756c74732077697468206b6579776f72642027323032302d30342d3134273c2f6469763e223b5f5f63695f766172737c613a313a7b733a373a226d657373616765223b733a333a226f6c64223b7d),
('6pppk7t0qhtm4vue4j51gr1ba5ukv9ra', '::1', 1586792888, 0x5f5f63695f6c6173745f726567656e65726174657c693a313538363739323838383b),
('9sv3tonclt2tvts7a60ei9h9rbabok6q', '::1', 1586793746, 0x5f5f63695f6c6173745f726567656e65726174657c693a313538363739333734363b),
('6qspj1smmg8ttgmlvnf94fuc0bre1rel', '::1', 1586789683, 0x5f5f63695f6c6173745f726567656e65726174657c693a313538363738393638333b6964656e746974797c733a31333a2261646d696e6973747261746f72223b757365726e616d657c733a31333a2261646d696e6973747261746f72223b656d61696c7c733a31353a2261646d696e4061646d696e2e636f6d223b757365725f69647c733a313a2231223b6f6c645f6c6173745f6c6f67696e7c733a31303a2231353836373833353530223b6c6173745f636865636b7c693a313538363738343038343b),
('hh0i45o50fksij11oc3adabe0qm9kh4q', '::1', 1586794116, 0x5f5f63695f6c6173745f726567656e65726174657c693a313538363739343131363b),
('aol29fs0segdakbql35elegi2mmf3j58', '::1', 1586794647, 0x5f5f63695f6c6173745f726567656e65726174657c693a313538363739343634373b6964656e746974797c733a31333a2261646d696e6973747261746f72223b757365726e616d657c733a31333a2261646d696e6973747261746f72223b656d61696c7c733a31353a2261646d696e4061646d696e2e636f6d223b757365725f69647c733a313a2231223b6f6c645f6c6173745f6c6f67696e7c733a31303a2231353836373834303834223b6c6173745f636865636b7c693a313538363739343132313b),
('5ub4liht18tfkg3g9br0r7ehormmj45n', '::1', 1586789326, 0x5f5f63695f6c6173745f726567656e65726174657c693a313538363738393332363b6964656e746974797c733a31333a2261646d696e6973747261746f72223b757365726e616d657c733a31333a2261646d696e6973747261746f72223b656d61696c7c733a31353a2261646d696e4061646d696e2e636f6d223b757365725f69647c733a313a2231223b6f6c645f6c6173745f6c6f67696e7c733a31303a2231353836373833353530223b6c6173745f636865636b7c693a313538363738343038343b),
('gun984ababmoehmbgjbt9pnslqv1jnar', '::1', 1586788720, 0x5f5f63695f6c6173745f726567656e65726174657c693a313538363738383732303b6964656e746974797c733a31333a2261646d696e6973747261746f72223b757365726e616d657c733a31333a2261646d696e6973747261746f72223b656d61696c7c733a31353a2261646d696e4061646d696e2e636f6d223b757365725f69647c733a313a2231223b6f6c645f6c6173745f6c6f67696e7c733a31303a2231353836373833353530223b6c6173745f636865636b7c693a313538363738343038343b6d6573736167657c733a3136353a223c64697620636c6173733d22616c65727420616c6572742d73756363657373223e3c627574746f6e20747970653d22627574746f6e2220636c6173733d22636c6f73652220646174612d6469736d6973733d22616c6572742220617269612d68696464656e3d2274727565223e2674696d65733b3c2f627574746f6e3e53656172636820726573756c74732077697468206b6579776f7264202779656168273c2f6469763e223b5f5f63695f766172737c613a313a7b733a373a226d657373616765223b733a333a226e6577223b7d),
('tmmhft1i7jj80jmi0quf67op82iml1id', '::1', 1586788041, 0x5f5f63695f6c6173745f726567656e65726174657c693a313538363738383034313b6964656e746974797c733a31333a2261646d696e6973747261746f72223b757365726e616d657c733a31333a2261646d696e6973747261746f72223b656d61696c7c733a31353a2261646d696e4061646d696e2e636f6d223b757365725f69647c733a313a2231223b6f6c645f6c6173745f6c6f67696e7c733a31303a2231353836373833353530223b6c6173745f636865636b7c693a313538363738343038343b),
('g1ej50o4l1hsgm4gu44d01enf8cn08ce', '::1', 1586788405, 0x5f5f63695f6c6173745f726567656e65726174657c693a313538363738383430353b6964656e746974797c733a31333a2261646d696e6973747261746f72223b757365726e616d657c733a31333a2261646d696e6973747261746f72223b656d61696c7c733a31353a2261646d696e4061646d696e2e636f6d223b757365725f69647c733a313a2231223b6f6c645f6c6173745f6c6f67696e7c733a31303a2231353836373833353530223b6c6173745f636865636b7c693a313538363738343038343b6d6573736167657c733a3137313a223c64697620636c6173733d22616c65727420616c6572742d73756363657373223e3c627574746f6e20747970653d22627574746f6e2220636c6173733d22636c6f73652220646174612d6469736d6973733d22616c6572742220617269612d68696464656e3d2274727565223e2674696d65733b3c2f627574746f6e3e53656172636820726573756c74732077697468206b6579776f7264202731342d30342d32303230273c2f6469763e223b5f5f63695f766172737c613a313a7b733a373a226d657373616765223b733a333a226f6c64223b7d),
('bhe6933kkrqvkggtvdhe9iffrvpc5b2n', '::1', 1586787462, 0x5f5f63695f6c6173745f726567656e65726174657c693a313538363738373436323b6964656e746974797c733a31333a2261646d696e6973747261746f72223b757365726e616d657c733a31333a2261646d696e6973747261746f72223b656d61696c7c733a31353a2261646d696e4061646d696e2e636f6d223b757365725f69647c733a313a2231223b6f6c645f6c6173745f6c6f67696e7c733a31303a2231353836373833353530223b6c6173745f636865636b7c693a313538363738343038343b),
('reopcciflj5sf5mp4fp1vrf30uobtp3p', '::1', 1586787035, 0x5f5f63695f6c6173745f726567656e65726174657c693a313538363738373033353b6964656e746974797c733a31333a2261646d696e6973747261746f72223b757365726e616d657c733a31333a2261646d696e6973747261746f72223b656d61696c7c733a31353a2261646d696e4061646d696e2e636f6d223b757365725f69647c733a313a2231223b6f6c645f6c6173745f6c6f67696e7c733a31303a2231353836373833353530223b6c6173745f636865636b7c693a313538363738343038343b),
('j7u80t8pcvfim1rieu569fp39m1tfee6', '::1', 1586786000, 0x5f5f63695f6c6173745f726567656e65726174657c693a313538363738363030303b6964656e746974797c733a31333a2261646d696e6973747261746f72223b757365726e616d657c733a31333a2261646d696e6973747261746f72223b656d61696c7c733a31353a2261646d696e4061646d696e2e636f6d223b757365725f69647c733a313a2231223b6f6c645f6c6173745f6c6f67696e7c733a31303a2231353836373833353530223b6c6173745f636865636b7c693a313538363738343038343b),
('ihb14rib6lqeda2vce2m8n9jrn1139bn', '::1', 1586785609, 0x5f5f63695f6c6173745f726567656e65726174657c693a313538363738353630393b6964656e746974797c733a31333a2261646d696e6973747261746f72223b757365726e616d657c733a31333a2261646d696e6973747261746f72223b656d61696c7c733a31353a2261646d696e4061646d696e2e636f6d223b757365725f69647c733a313a2231223b6f6c645f6c6173745f6c6f67696e7c733a31303a2231353836373833353530223b6c6173745f636865636b7c693a313538363738343038343b),
('5hqceqnjetc7ob263cof8aiu7acj3ush', '::1', 1586784853, 0x5f5f63695f6c6173745f726567656e65726174657c693a313538363738343835333b6964656e746974797c733a31333a2261646d696e6973747261746f72223b757365726e616d657c733a31333a2261646d696e6973747261746f72223b656d61696c7c733a31353a2261646d696e4061646d696e2e636f6d223b757365725f69647c733a313a2231223b6f6c645f6c6173745f6c6f67696e7c733a31303a2231353836373833353530223b6c6173745f636865636b7c693a313538363738343038343b),
('tse70kh1n3n24cr84u9h7p239kdue27v', '::1', 1586784063, 0x5f5f63695f6c6173745f726567656e65726174657c693a313538363738343036333b6d6573736167657c733a3135313a223c64697620636c6173733d22616c65727420616c6572742d696e666f223e3c627574746f6e20747970653d22627574746f6e2220636c6173733d22636c6f73652220646174612d6469736d6973733d22616c6572742220617269612d68696464656e3d2274727565223e2674696d65733b3c2f627574746f6e3e4c6f67676564204f7574205375636365737366756c6c793c2f6469763e223b5f5f63695f766172737c613a313a7b733a373a226d657373616765223b733a333a226f6c64223b7d),
('hljn6scugqcv369nsrs31r2m7p5nat39', '::1', 1586784505, 0x5f5f63695f6c6173745f726567656e65726174657c693a313538363738343530353b6964656e746974797c733a31333a2261646d696e6973747261746f72223b757365726e616d657c733a31333a2261646d696e6973747261746f72223b656d61696c7c733a31353a2261646d696e4061646d696e2e636f6d223b757365725f69647c733a313a2231223b6f6c645f6c6173745f6c6f67696e7c733a31303a2231353836373833353530223b6c6173745f636865636b7c693a313538363738343038343b),
('92g0mst9da1jaqjbtlk69lpkhe5dojvs', '::1', 1586786726, 0x5f5f63695f6c6173745f726567656e65726174657c693a313538363738363732363b6964656e746974797c733a31333a2261646d696e6973747261746f72223b757365726e616d657c733a31333a2261646d696e6973747261746f72223b656d61696c7c733a31353a2261646d696e4061646d696e2e636f6d223b757365725f69647c733a313a2231223b6f6c645f6c6173745f6c6f67696e7c733a31303a2231353836373833353530223b6c6173745f636865636b7c693a313538363738343038343b),
('98gf6f42tprr7lqfruqu3ghvt7s7g6j1', '::1', 1586783342, 0x5f5f63695f6c6173745f726567656e65726174657c693a313538363738333334323b6964656e746974797c733a31333a227075747269616e67656c696361223b757365726e616d657c733a31333a227075747269616e67656c696361223b656d61696c7c733a32313a22616e67656c69636140616e67656c6963612e636f6d223b757365725f69647c733a323a223431223b6f6c645f6c6173745f6c6f67696e7c733a31303a2231353836373736333933223b6c6173745f636865636b7c693a313538363737373633393b),
('dk4eqcpqcaedtljl48oisriodsfrur6q', '::1', 1586783037, 0x5f5f63695f6c6173745f726567656e65726174657c693a313538363738333033373b6964656e746974797c733a31333a227075747269616e67656c696361223b757365726e616d657c733a31333a227075747269616e67656c696361223b656d61696c7c733a32313a22616e67656c69636140616e67656c6963612e636f6d223b757365725f69647c733a323a223431223b6f6c645f6c6173745f6c6f67696e7c733a31303a2231353836373736333933223b6c6173745f636865636b7c693a313538363737373633393b),
('93qvhaqqtp8vfo9k6ua885gpit8hfeum', '::1', 1586782704, 0x5f5f63695f6c6173745f726567656e65726174657c693a313538363738323730343b6964656e746974797c733a31333a227075747269616e67656c696361223b757365726e616d657c733a31333a227075747269616e67656c696361223b656d61696c7c733a32313a22616e67656c69636140616e67656c6963612e636f6d223b757365725f69647c733a323a223431223b6f6c645f6c6173745f6c6f67696e7c733a31303a2231353836373736333933223b6c6173745f636865636b7c693a313538363737373633393b),
('r93oki923sg9k8bnso9qh9k9cqp1rra6', '::1', 1586782377, 0x5f5f63695f6c6173745f726567656e65726174657c693a313538363738323337373b6964656e746974797c733a31333a227075747269616e67656c696361223b757365726e616d657c733a31333a227075747269616e67656c696361223b656d61696c7c733a32313a22616e67656c69636140616e67656c6963612e636f6d223b757365725f69647c733a323a223431223b6f6c645f6c6173745f6c6f67696e7c733a31303a2231353836373736333933223b6c6173745f636865636b7c693a313538363737373633393b),
('d6tha2i71rvegcmllg8vm1d95v9l6grd', '::1', 1586780101, 0x5f5f63695f6c6173745f726567656e65726174657c693a313538363738303130313b6964656e746974797c733a31333a227075747269616e67656c696361223b757365726e616d657c733a31333a227075747269616e67656c696361223b656d61696c7c733a32313a22616e67656c69636140616e67656c6963612e636f6d223b757365725f69647c733a323a223431223b6f6c645f6c6173745f6c6f67696e7c733a31303a2231353836373736333933223b6c6173745f636865636b7c693a313538363737373633393b),
('t8d0mdjb783iit26c8g31pc62pjb03ca', '::1', 1586781061, 0x5f5f63695f6c6173745f726567656e65726174657c693a313538363738313036313b6964656e746974797c733a31333a227075747269616e67656c696361223b757365726e616d657c733a31333a227075747269616e67656c696361223b656d61696c7c733a32313a22616e67656c69636140616e67656c6963612e636f6d223b757365725f69647c733a323a223431223b6f6c645f6c6173745f6c6f67696e7c733a31303a2231353836373736333933223b6c6173745f636865636b7c693a313538363737373633393b),
('kgf10q9ve731a32vcn6mmnib8j8rsg0a', '::1', 1586778433, 0x5f5f63695f6c6173745f726567656e65726174657c693a313538363737383433333b6964656e746974797c733a31333a227075747269616e67656c696361223b757365726e616d657c733a31333a227075747269616e67656c696361223b656d61696c7c733a32313a22616e67656c69636140616e67656c6963612e636f6d223b757365725f69647c733a323a223431223b6f6c645f6c6173745f6c6f67696e7c733a31303a2231353836373736333933223b6c6173745f636865636b7c693a313538363737373633393b),
('455lstgcci6f8iet9k55mkk959bclfo1', '::1', 1586778771, 0x5f5f63695f6c6173745f726567656e65726174657c693a313538363737383737313b6964656e746974797c733a31333a227075747269616e67656c696361223b757365726e616d657c733a31333a227075747269616e67656c696361223b656d61696c7c733a32313a22616e67656c69636140616e67656c6963612e636f6d223b757365725f69647c733a323a223431223b6f6c645f6c6173745f6c6f67696e7c733a31303a2231353836373736333933223b6c6173745f636865636b7c693a313538363737373633393b),
('uc1gj55p0nhsejvp7eig39qfj0u0viee', '::1', 1586778044, 0x5f5f63695f6c6173745f726567656e65726174657c693a313538363737383034343b6964656e746974797c733a31333a227075747269616e67656c696361223b757365726e616d657c733a31333a227075747269616e67656c696361223b656d61696c7c733a32313a22616e67656c69636140616e67656c6963612e636f6d223b757365725f69647c733a323a223431223b6f6c645f6c6173745f6c6f67696e7c733a31303a2231353836373736333933223b6c6173745f636865636b7c693a313538363737373633393b),
('n6rv7rgrc5domhk5udpil54qq89551h9', '::1', 1586709332, 0x5f5f63695f6c6173745f726567656e65726174657c693a313538363730393333323b6d6573736167657c733a3135313a223c64697620636c6173733d22616c65727420616c6572742d696e666f223e3c627574746f6e20747970653d22627574746f6e2220636c6173733d22636c6f73652220646174612d6469736d6973733d22616c6572742220617269612d68696464656e3d2274727565223e2674696d65733b3c2f627574746f6e3e4c6f67676564204f7574205375636365737366756c6c793c2f6469763e223b5f5f63695f766172737c613a313a7b733a373a226d657373616765223b733a333a226f6c64223b7d),
('hqfiu46960pqj7rg152ga667nog181t8', '::1', 1586776733, 0x5f5f63695f6c6173745f726567656e65726174657c693a313538363737363733333b6964656e746974797c733a31333a2261646d696e6973747261746f72223b757365726e616d657c733a31333a2261646d696e6973747261746f72223b656d61696c7c733a31353a2261646d696e4061646d696e2e636f6d223b757365725f69647c733a313a2231223b6f6c645f6c6173745f6c6f67696e7c733a31303a2231353836373039323639223b6c6173745f636865636b7c693a313538363737363430333b),
('s4oeubo04nno99s5bfs6to85obq98aos', '::1', 1586777245, 0x5f5f63695f6c6173745f726567656e65726174657c693a313538363737373234353b6964656e746974797c733a31333a2261646d696e6973747261746f72223b757365726e616d657c733a31333a2261646d696e6973747261746f72223b656d61696c7c733a31353a2261646d696e4061646d696e2e636f6d223b757365725f69647c733a313a2231223b6f6c645f6c6173745f6c6f67696e7c733a31303a2231353836373736343033223b6c6173745f636865636b7c693a313538363737363837313b6d6573736167657c733a3135303a223c64697620636c6173733d22616c65727420616c6572742d696e666f223e3c627574746f6e20747970653d22627574746f6e2220636c6173733d22636c6f73652220646174612d6469736d6973733d22616c6572742220617269612d68696464656e3d2274727565223e2674696d65733b3c2f627574746f6e3e4c6f6767656420496e205375636365737366756c6c793c2f6469763e223b5f5f63695f766172737c613a313a7b733a373a226d657373616765223b733a333a226f6c64223b7d),
('kr93efgkaehad6ieho46i2ssl7sep8e1', '::1', 1586777568, 0x5f5f63695f6c6173745f726567656e65726174657c693a313538363737373536383b6964656e746974797c733a31333a2261646d696e6973747261746f72223b757365726e616d657c733a31333a2261646d696e6973747261746f72223b656d61696c7c733a31353a2261646d696e4061646d696e2e636f6d223b757365725f69647c733a313a2231223b6f6c645f6c6173745f6c6f67696e7c733a31303a2231353836373736343033223b6c6173745f636865636b7c693a313538363737363837313b),
('pkfln4u7q5vq3l2vkobjl41cat1b7c7o', '::1', 1586708922, 0x5f5f63695f6c6173745f726567656e65726174657c693a313538363730383932323b6964656e746974797c733a31333a227075747269616e67656c696361223b757365726e616d657c733a31333a227075747269616e67656c696361223b656d61696c7c733a32313a22616e67656c69636140616e67656c6963612e636f6d223b757365725f69647c733a323a223431223b6f6c645f6c6173745f6c6f67696e7c4e3b6c6173745f636865636b7c693a313538363730383631363b),
('mt461lg0lvplphpiupn72uhpispbk4n9', '::1', 1586702839, 0x5f5f63695f6c6173745f726567656e65726174657c693a313538363730323833393b),
('r8d9uc2h6s91on5dbplu93pkmp893p53', '::1', 1586703145, 0x5f5f63695f6c6173745f726567656e65726174657c693a313538363730333134353b6964656e746974797c733a31333a2261646d696e6973747261746f72223b757365726e616d657c733a31333a2261646d696e6973747261746f72223b656d61696c7c733a31353a2261646d696e4061646d696e2e636f6d223b757365725f69647c733a313a2231223b6f6c645f6c6173745f6c6f67696e7c733a31303a2231353836353230363934223b6c6173745f636865636b7c693a313538363730323835323b),
('16ph14hiechl1g9pvfnqldr84ift30p0', '::1', 1586704955, 0x5f5f63695f6c6173745f726567656e65726174657c693a313538363730343935353b6964656e746974797c733a31333a2261646d696e6973747261746f72223b757365726e616d657c733a31333a2261646d696e6973747261746f72223b656d61696c7c733a31353a2261646d696e4061646d696e2e636f6d223b757365725f69647c733a313a2231223b6f6c645f6c6173745f6c6f67696e7c733a31303a2231353836373032383532223b6c6173745f636865636b7c693a313538363730343236373b),
('p3dk8hm2vsp6dald21nbsp1vrlb57oii', '::1', 1586704265, 0x5f5f63695f6c6173745f726567656e65726174657c693a313538363730343236353b6d6573736167657c733a3135373a223c64697620636c6173733d22616c65727420616c6572742d64616e676572223e3c627574746f6e20747970653d22627574746f6e2220636c6173733d22636c6f73652220646174612d6469736d6973733d22616c6572742220617269612d68696464656e3d2274727565223e2674696d65733b3c2f627574746f6e3e4e6f207265636f7264206f66207468617420757365726e616d652e3c2f6469763e223b5f5f63695f766172737c613a313a7b733a373a226d657373616765223b733a333a226f6c64223b7d),
('em5qec8aaj0e7ema2f9ahne09b31bhh4', '::1', 1586705586, 0x5f5f63695f6c6173745f726567656e65726174657c693a313538363730353538363b6964656e746974797c733a31333a2261646d696e6973747261746f72223b757365726e616d657c733a31333a2261646d696e6973747261746f72223b656d61696c7c733a31353a2261646d696e4061646d696e2e636f6d223b757365725f69647c733a313a2231223b6f6c645f6c6173745f6c6f67696e7c733a31303a2231353836373032383532223b6c6173745f636865636b7c693a313538363730343236373b),
('2rvic7mjlkr044mkn57aagerv812ror8', '::1', 1586706154, 0x5f5f63695f6c6173745f726567656e65726174657c693a313538363730363135343b6964656e746974797c733a31333a2261646d696e6973747261746f72223b757365726e616d657c733a31333a2261646d696e6973747261746f72223b656d61696c7c733a31353a2261646d696e4061646d696e2e636f6d223b757365725f69647c733a313a2231223b6f6c645f6c6173745f6c6f67696e7c733a31303a2231353836373032383532223b6c6173745f636865636b7c693a313538363730343236373b),
('cia4gbec57k7dlkq98ssfkfa45blbffb', '::1', 1586706458, 0x5f5f63695f6c6173745f726567656e65726174657c693a313538363730363435383b6964656e746974797c733a31333a2261646d696e6973747261746f72223b757365726e616d657c733a31333a2261646d696e6973747261746f72223b656d61696c7c733a31353a2261646d696e4061646d696e2e636f6d223b757365725f69647c733a313a2231223b6f6c645f6c6173745f6c6f67696e7c733a31303a2231353836373032383532223b6c6173745f636865636b7c693a313538363730343236373b),
('7csalmhsbtv2p79lvofijatculb0o112', '::1', 1586707601, 0x5f5f63695f6c6173745f726567656e65726174657c693a313538363730373630313b6964656e746974797c733a31333a2261646d696e6973747261746f72223b757365726e616d657c733a31333a2261646d696e6973747261746f72223b656d61696c7c733a31353a2261646d696e4061646d696e2e636f6d223b757365725f69647c733a313a2231223b6f6c645f6c6173745f6c6f67696e7c733a31303a2231353836373032383532223b6c6173745f636865636b7c693a313538363730343236373b),
('slv87tkttr0d0mu12h0appe2eg33dh7i', '::1', 1586708081, 0x5f5f63695f6c6173745f726567656e65726174657c693a313538363730383038313b6964656e746974797c733a31333a2261646d696e6973747261746f72223b757365726e616d657c733a31333a2261646d696e6973747261746f72223b656d61696c7c733a31353a2261646d696e4061646d696e2e636f6d223b757365725f69647c733a313a2231223b6f6c645f6c6173745f6c6f67696e7c733a31303a2231353836373034323637223b6c6173745f636865636b7c693a313538363730383031303b6d6573736167657c733a3135303a223c64697620636c6173733d22616c65727420616c6572742d696e666f223e3c627574746f6e20747970653d22627574746f6e2220636c6173733d22636c6f73652220646174612d6469736d6973733d22616c6572742220617269612d68696464656e3d2274727565223e2674696d65733b3c2f627574746f6e3e4c6f6767656420496e205375636365737366756c6c793c2f6469763e223b5f5f63695f766172737c613a313a7b733a373a226d657373616765223b733a333a226f6c64223b7d),
('t02dqelmeh5r63o01qd9q4as9b05gm3d', '::1', 1586708400, 0x5f5f63695f6c6173745f726567656e65726174657c693a313538363730383430303b6964656e746974797c733a31333a2261646d696e6973747261746f72223b757365726e616d657c733a31333a2261646d696e6973747261746f72223b656d61696c7c733a31353a2261646d696e4061646d696e2e636f6d223b757365725f69647c733a313a2231223b6f6c645f6c6173745f6c6f67696e7c733a31303a2231353836373034323637223b6c6173745f636865636b7c693a313538363730383031303b),
('dveka220qjng4ujsnkdtfb1g8q57s1cv', '::1', 1587046177, 0x5f5f63695f6c6173745f726567656e65726174657c693a313538373034363137373b),
('pvjvq3m0bumu3rg9f51kv50oq35j80vc', '::1', 1587046603, 0x5f5f63695f6c6173745f726567656e65726174657c693a313538373034363630303b);

-- --------------------------------------------------------

--
-- Table structure for table `inv_datas`
--

CREATE TABLE `inv_datas` (
  `id` int(12) UNSIGNED NOT NULL,
  `code` varchar(255) NOT NULL,
  `location_id` int(12) DEFAULT NULL COMMENT 'FK inv_location',
  `brand` varchar(255) DEFAULT NULL,
  `model` time DEFAULT NULL,
  `serial_number` varchar(255) DEFAULT NULL,
  `status` int(12) DEFAULT NULL COMMENT 'FK master_status',
  `photo` text COMMENT 'Foto',
  `description` text COMMENT 'Keterangan',
  `hari` varchar(100) NOT NULL,
  `tanggal` date NOT NULL,
  `mulai` time NOT NULL,
  `keterangan` varchar(255) NOT NULL,
  `deleted` tinyint(1) NOT NULL DEFAULT '0',
  `created_by` varchar(255) NOT NULL,
  `created_on` datetime NOT NULL,
  `updated_by` varchar(255) NOT NULL,
  `updated_on` datetime NOT NULL
) ENGINE=InnoDB DEFAULT CHARSET=latin1;

--
-- Dumping data for table `inv_datas`
--

INSERT INTO `inv_datas` (`id`, `code`, `location_id`, `brand`, `model`, `serial_number`, `status`, `photo`, `description`, `hari`, `tanggal`, `mulai`, `keterangan`, `deleted`, `created_by`, `created_on`, `updated_by`, `updated_on`) VALUES
(11, 'K05', 7, 'Oktavia', '18:00:00', '088888111122', NULL, NULL, 'Tambahan Praktikum Pemda', 'Senin', '2020-04-17', '15:00:00', 'kelas IF D', 0, 'administrator', '2020-04-16 21:01:03', 'administrator', '2020-04-16 21:15:22'),
(12, 'K06', 12, 'Angelica Amartya', '21:00:00', '123456789', NULL, NULL, 'Komunitas SI', 'Minggu', '2020-04-19', '12:00:00', '-', 0, 'administrator', '2020-04-16 21:15:03', 'administrator', '2020-04-16 21:15:03');

-- --------------------------------------------------------

--
-- Table structure for table `inv_locations`
--

CREATE TABLE `inv_locations` (
  `id` int(12) UNSIGNED NOT NULL,
  `code` varchar(255) NOT NULL,
  `name` varchar(255) NOT NULL,
  `detail` text,
  `kalab` varchar(255) NOT NULL,
  `photo` text,
  `thumbnail` text,
  `deleted` tinyint(1) NOT NULL DEFAULT '0',
  `created_by` varchar(255) NOT NULL,
  `created_on` datetime NOT NULL,
  `updated_by` varchar(255) NOT NULL,
  `updated_on` datetime NOT NULL
) ENGINE=InnoDB DEFAULT CHARSET=latin1;

--
-- Dumping data for table `inv_locations`
--

INSERT INTO `inv_locations` (`id`, `code`, `name`, `detail`, `kalab`, `photo`, `thumbnail`, `deleted`, `created_by`, `created_on`, `updated_by`, `updated_on`) VALUES
(7, '001', 'Laboratorium Jaringan', '<p>Gedung Pattimura Lantai 1 UPN Kampus 2</p>', 'Rifki Indra Perwira, S.Kom., M.Eng', NULL, NULL, 0, 'administrator', '2020-04-06 14:22:16', 'administrator', '2020-04-15 22:17:21'),
(8, '002', 'Laboratorium Komputasi', '<p>\r\n\r\nGedung Pattimura Lantai 1 UPN Kampus 2<br></p>', 'Wilis Kaswidjanti.,S.Si.,M.Kom', NULL, NULL, 0, 'administrator', '2020-04-09 20:55:14', 'administrator', '2020-04-15 23:20:47'),
(9, '003', 'Laboratorium Multimedia', '<p>\r\n\r\nGedung Pattimura Lantai 1\r\n\r\n<br></p>', 'Heru Cahya Rustamaji, S.Si.,M.T.', NULL, NULL, 0, 'administrator', '2020-04-09 20:55:50', 'administrator', '2020-04-09 20:55:50'),
(10, '004', 'Laboratorium Digital', '<p>\r\n\r\nGedung Pattimura Lantai 2<br></p>', 'Mangaras Yanu Florestiyanto, S.T., M.Eng.', NULL, NULL, 0, 'administrator', '2020-04-09 20:57:06', 'administrator', '2020-04-09 20:57:06'),
(11, '005', 'Laboratorium Basis Data', '<p>\r\n\r\nGedung Pattimura Lantai 2<br></p>', 'Dessyanto Boedi Prasetyo,S.T.,M.T.', NULL, NULL, 0, 'administrator', '2020-04-09 20:57:49', 'administrator', '2020-04-09 21:04:43'),
(12, '006', 'Laboratorium Geo', '<p>\r\n\r\nGedung Pattimura Lantai 2\r\n\r\n<br></p>', 'Budi Santosa, S.Si.,M.T.', NULL, NULL, 0, 'administrator', '2020-04-09 20:58:37', 'administrator', '2020-04-09 20:58:37');

-- --------------------------------------------------------

--
-- Table structure for table `inv_log_data_location`
--

CREATE TABLE `inv_log_data_location` (
  `id` int(12) UNSIGNED NOT NULL,
  `code` varchar(255) NOT NULL COMMENT 'FK inv_datas',
  `location_id` int(12) NOT NULL COMMENT 'FK inv_locations',
  `created_by` varchar(255) NOT NULL,
  `created_on` datetime NOT NULL,
  `updated_by` varchar(255) NOT NULL,
  `updated_on` datetime NOT NULL
) ENGINE=InnoDB DEFAULT CHARSET=latin1;

--
-- Dumping data for table `inv_log_data_location`
--

INSERT INTO `inv_log_data_location` (`id`, `code`, `location_id`, `created_by`, `created_on`, `updated_by`, `updated_on`) VALUES
(1, 'K01', 7, 'administrator', '2020-04-07 22:44:03', 'administrator', '2020-04-07 22:44:03'),
(2, 'K01', 7, 'administrator', '2020-04-08 22:15:47', 'administrator', '2020-04-08 22:15:47'),
(3, 'K02', 7, 'administrator', '2020-04-08 22:21:09', 'administrator', '2020-04-08 22:21:09'),
(4, 'K01', 7, 'administrator', '2020-04-08 22:44:12', 'administrator', '2020-04-08 22:44:12'),
(5, 'K02', 7, 'administrator', '2020-04-08 22:44:39', 'administrator', '2020-04-08 22:44:39'),
(6, 'K01', 9, 'administrator', '2020-04-13 20:21:54', 'administrator', '2020-04-13 20:21:54'),
(7, 'K02', 7, 'administrator', '2020-04-13 21:12:39', 'administrator', '2020-04-13 21:12:39'),
(8, 'K03', 10, 'administrator', '2020-04-15 22:02:21', 'administrator', '2020-04-15 22:02:21'),
(9, 'K04', 12, 'administrator', '2020-04-15 23:04:12', 'administrator', '2020-04-15 23:04:12'),
(10, 'K05', 9, 'administrator', '2020-04-15 23:18:39', 'administrator', '2020-04-15 23:18:39'),
(11, 'K05', 10, 'administrator', '2020-04-16 19:35:42', 'administrator', '2020-04-16 19:35:42'),
(12, 'K01', 11, 'administrator', '2020-04-16 19:39:41', 'administrator', '2020-04-16 19:39:41'),
(13, 'K02', 12, 'administrator', '2020-04-16 19:40:00', 'administrator', '2020-04-16 19:40:00'),
(14, 'K03', 10, 'administrator', '2020-04-16 19:49:58', 'administrator', '2020-04-16 19:49:58'),
(15, 'K04', 10, 'administrator', '2020-04-16 19:51:01', 'administrator', '2020-04-16 19:51:01'),
(16, 'K05', 8, 'administrator', '2020-04-16 19:51:48', 'administrator', '2020-04-16 19:51:48'),
(17, 'K05', 12, 'administrator', '2020-04-16 21:01:05', 'administrator', '2020-04-16 21:01:05'),
(18, 'K06', 12, 'administrator', '2020-04-16 21:15:03', 'administrator', '2020-04-16 21:15:03');

-- --------------------------------------------------------

--
-- Table structure for table `inv_log_data_status`
--

CREATE TABLE `inv_log_data_status` (
  `id` int(12) UNSIGNED NOT NULL,
  `code` varchar(255) NOT NULL COMMENT 'FK inv_datas',
  `status_id` int(12) NOT NULL COMMENT 'FK inv_status',
  `created_by` varchar(255) NOT NULL,
  `created_on` datetime NOT NULL,
  `updated_by` varchar(255) NOT NULL,
  `updated_on` datetime NOT NULL
) ENGINE=InnoDB DEFAULT CHARSET=latin1;

--
-- Dumping data for table `inv_log_data_status`
--

INSERT INTO `inv_log_data_status` (`id`, `code`, `status_id`, `created_by`, `created_on`, `updated_by`, `updated_on`) VALUES
(1, '', 0, 'administrator', '2020-04-08 22:15:47', 'administrator', '2020-04-08 22:15:47'),
(2, '', 0, 'administrator', '2020-04-08 22:21:09', 'administrator', '2020-04-08 22:21:09'),
(3, '', 0, 'administrator', '2020-04-08 22:44:12', 'administrator', '2020-04-08 22:44:12'),
(4, '', 0, 'administrator', '2020-04-08 22:44:39', 'administrator', '2020-04-08 22:44:39'),
(5, '', 0, 'administrator', '2020-04-13 20:21:55', 'administrator', '2020-04-13 20:21:55'),
(6, '', 0, 'administrator', '2020-04-13 21:12:39', 'administrator', '2020-04-13 21:12:39'),
(7, '', 0, 'administrator', '2020-04-15 22:02:22', 'administrator', '2020-04-15 22:02:22'),
(8, '', 0, 'administrator', '2020-04-15 23:04:12', 'administrator', '2020-04-15 23:04:12'),
(9, '', 0, 'administrator', '2020-04-15 23:18:39', 'administrator', '2020-04-15 23:18:39'),
(10, '', 0, 'administrator', '2020-04-16 19:35:43', 'administrator', '2020-04-16 19:35:43'),
(11, '', 0, 'administrator', '2020-04-16 19:39:41', 'administrator', '2020-04-16 19:39:41'),
(12, '', 0, 'administrator', '2020-04-16 19:40:00', 'administrator', '2020-04-16 19:40:00'),
(13, '', 0, 'administrator', '2020-04-16 19:49:58', 'administrator', '2020-04-16 19:49:58');

-- --------------------------------------------------------

--
-- Table structure for table `inv_status`
--

CREATE TABLE `inv_status` (
  `id` int(12) UNSIGNED NOT NULL,
  `name` varchar(50) NOT NULL,
  `description` text,
  `deleted` tinyint(1) NOT NULL DEFAULT '0',
  `created_by` varchar(255) NOT NULL,
  `created_on` datetime DEFAULT NULL,
  `updated_by` varchar(255) NOT NULL,
  `updated_on` datetime DEFAULT NULL
) ENGINE=InnoDB DEFAULT CHARSET=latin1;

--
-- Dumping data for table `inv_status`
--

INSERT INTO `inv_status` (`id`, `name`, `description`, `deleted`, `created_by`, `created_on`, `updated_by`, `updated_on`) VALUES
(1, 'In Use', '<p>Aktif digunakan</p>', 0, 'administrator', '2018-04-13 11:16:07', 'administrator', '2018-04-13 11:16:07'),
(2, 'Not Used', '<p>Tidak digunakan</p>', 0, 'administrator', '2018-04-13 11:17:25', 'administrator', '2018-04-13 11:17:25'),
(3, 'In Repair', '<p>Status barang masih dalam perbaikan</p>', 0, 'administrator', '2018-04-18 16:34:43', 'administrator', '2018-04-18 16:35:05');

-- --------------------------------------------------------

--
-- Table structure for table `login_attempts`
--

CREATE TABLE `login_attempts` (
  `id` int(11) UNSIGNED NOT NULL,
  `ip_address` varchar(45) NOT NULL,
  `login` varchar(100) NOT NULL,
  `time` int(11) UNSIGNED DEFAULT NULL
) ENGINE=InnoDB DEFAULT CHARSET=utf8;

-- --------------------------------------------------------

--
-- Table structure for table `master_color`
--

CREATE TABLE `master_color` (
  `id` tinyint(2) UNSIGNED NOT NULL,
  `name` varchar(30) NOT NULL,
  `deleted` tinyint(1) NOT NULL DEFAULT '0',
  `created_by` varchar(255) NOT NULL,
  `created_on` datetime NOT NULL,
  `updated_by` varchar(255) NOT NULL,
  `updated_on` datetime NOT NULL
) ENGINE=MyISAM DEFAULT CHARSET=latin1;

--
-- Dumping data for table `master_color`
--

INSERT INTO `master_color` (`id`, `name`, `deleted`, `created_by`, `created_on`, `updated_by`, `updated_on`) VALUES
(1, 'Black', 0, 'administrator', '2018-04-03 16:30:13', 'administrator', '2018-04-03 16:30:13'),
(2, 'White', 0, 'administrator', '2018-04-13 10:48:13', 'administrator', '2018-04-13 10:48:13'),
(3, 'Grey', 0, 'administrator', '2018-04-13 11:32:37', 'administrator', '2018-04-18 15:38:32'),
(4, 'Blue', 0, 'administrator', '2018-04-13 11:32:44', 'administrator', '2018-04-18 15:38:24'),
(5, 'Red', 0, 'administrator', '2018-04-18 15:37:57', 'administrator', '2018-04-18 15:37:57'),
(6, 'Brown', 0, 'administrator', '2018-05-09 10:56:40', 'administrator', '2018-05-09 10:56:40'),
(7, 'Yellow', 0, 'administrator', '2018-05-09 11:02:17', 'administrator', '2018-05-09 11:02:17'),
(8, 'Black White', 0, 'administrator', '2018-05-11 09:43:40', 'administrator', '2018-05-11 09:43:40'),
(9, 'Green', 0, 'administrator', '2018-05-18 15:13:17', 'administrator', '2018-05-18 15:13:17');

-- --------------------------------------------------------

--
-- Table structure for table `users`
--

CREATE TABLE `users` (
  `id` int(11) UNSIGNED NOT NULL,
  `ip_address` varchar(45) NOT NULL,
  `username` varchar(100) DEFAULT NULL,
  `password` varchar(255) NOT NULL,
  `salt` varchar(255) DEFAULT NULL,
  `email` varchar(254) NOT NULL,
  `activation_code` varchar(40) DEFAULT NULL,
  `forgotten_password_code` varchar(40) DEFAULT NULL,
  `forgotten_password_time` int(11) UNSIGNED DEFAULT NULL,
  `remember_code` varchar(40) DEFAULT NULL,
  `created_on` int(11) UNSIGNED NOT NULL,
  `last_login` int(11) UNSIGNED DEFAULT NULL,
  `active` tinyint(1) UNSIGNED DEFAULT NULL,
  `first_name` varchar(50) DEFAULT NULL,
  `last_name` varchar(50) DEFAULT NULL,
  `phone` varchar(20) DEFAULT NULL
) ENGINE=InnoDB DEFAULT CHARSET=utf8;

--
-- Dumping data for table `users`
--

INSERT INTO `users` (`id`, `ip_address`, `username`, `password`, `salt`, `email`, `activation_code`, `forgotten_password_code`, `forgotten_password_time`, `remember_code`, `created_on`, `last_login`, `active`, `first_name`, `last_name`, `phone`) VALUES
(1, '127.0.0.1', 'administrator', '$2a$07$SeBknntpZror9uyftVopmu61qg0ms8Qv1yV6FG.kQOSM.9QhmTo36', '', 'admin@admin.com', '', 'h5VLm6tYn5JuF2uw1fuoNu1b7715ab5d2990ab68', 1586702846, 'NxusCO3dlOCOY1nh749wZe', 1268889823, 1587046463, 1, 'Administrator', 'Laboratorium', '0888888888'),
(41, '::1', 'putriangelica', '$2y$08$/f2q.v7Cs1xvKUmfcih5R.V.5OUbdwnWrzuCvzpnRmltpvxFuzYJW', NULL, 'angelica@yahoo.com', NULL, NULL, NULL, NULL, 1586708572, 1586783578, 1, 'Angelica', 'Amartya', '08571552703');

--
-- Triggers `users`
--
DELIMITER $$
CREATE TRIGGER `after_users_insert` AFTER INSERT ON `users` FOR EACH ROW BEGIN
	INSERT INTO `arc_database`.users_photo VALUES( NEW.username, "no_picture.png", "no_picture.png", now());
    END
$$
DELIMITER ;

-- --------------------------------------------------------

--
-- Table structure for table `users_groups`
--

CREATE TABLE `users_groups` (
  `id` int(11) UNSIGNED NOT NULL,
  `user_id` int(11) UNSIGNED NOT NULL,
  `group_id` mediumint(8) UNSIGNED NOT NULL
) ENGINE=InnoDB DEFAULT CHARSET=utf8;

--
-- Dumping data for table `users_groups`
--

INSERT INTO `users_groups` (`id`, `user_id`, `group_id`) VALUES
(7, 1, 1),
(8, 1, 2);

-- --------------------------------------------------------

--
-- Table structure for table `users_photo`
--

CREATE TABLE `users_photo` (
  `username` varchar(100) NOT NULL,
  `photo` text,
  `thumbnail` text,
  `updated_on` datetime NOT NULL
) ENGINE=MyISAM DEFAULT CHARSET=latin1;

--
-- Dumping data for table `users_photo`
--

INSERT INTO `users_photo` (`username`, `photo`, `thumbnail`, `updated_on`) VALUES
('administrator', 'ADMINISTRATOR.jpg', 'ADMINISTRATOR_thumb.jpg', '2017-12-08 14:02:41');

--
-- Indexes for dumped tables
--

--
-- Indexes for table `groups`
--
ALTER TABLE `groups`
  ADD PRIMARY KEY (`id`);

--
-- Indexes for table `invenitri_session`
--
ALTER TABLE `invenitri_session`
  ADD KEY `ci_sessions_timestamp` (`timestamp`);

--
-- Indexes for table `inv_datas`
--
ALTER TABLE `inv_datas`
  ADD PRIMARY KEY (`id`);

--
-- Indexes for table `inv_locations`
--
ALTER TABLE `inv_locations`
  ADD PRIMARY KEY (`id`);

--
-- Indexes for table `inv_log_data_location`
--
ALTER TABLE `inv_log_data_location`
  ADD PRIMARY KEY (`id`);

--
-- Indexes for table `inv_log_data_status`
--
ALTER TABLE `inv_log_data_status`
  ADD PRIMARY KEY (`id`);

--
-- Indexes for table `inv_status`
--
ALTER TABLE `inv_status`
  ADD PRIMARY KEY (`id`);

--
-- Indexes for table `login_attempts`
--
ALTER TABLE `login_attempts`
  ADD PRIMARY KEY (`id`);

--
-- Indexes for table `master_color`
--
ALTER TABLE `master_color`
  ADD PRIMARY KEY (`id`);

--
-- Indexes for table `users`
--
ALTER TABLE `users`
  ADD PRIMARY KEY (`id`);

--
-- Indexes for table `users_groups`
--
ALTER TABLE `users_groups`
  ADD PRIMARY KEY (`id`),
  ADD UNIQUE KEY `uc_users_groups` (`user_id`,`group_id`),
  ADD KEY `fk_users_groups_users1_idx` (`user_id`),
  ADD KEY `fk_users_groups_groups1_idx` (`group_id`);

--
-- Indexes for table `users_photo`
--
ALTER TABLE `users_photo`
  ADD PRIMARY KEY (`username`);

--
-- AUTO_INCREMENT for dumped tables
--

--
-- AUTO_INCREMENT for table `groups`
--
ALTER TABLE `groups`
  MODIFY `id` mediumint(8) UNSIGNED NOT NULL AUTO_INCREMENT, AUTO_INCREMENT=3;

--
-- AUTO_INCREMENT for table `inv_datas`
--
ALTER TABLE `inv_datas`
  MODIFY `id` int(12) UNSIGNED NOT NULL AUTO_INCREMENT, AUTO_INCREMENT=13;

--
-- AUTO_INCREMENT for table `inv_locations`
--
ALTER TABLE `inv_locations`
  MODIFY `id` int(12) UNSIGNED NOT NULL AUTO_INCREMENT, AUTO_INCREMENT=13;

--
-- AUTO_INCREMENT for table `inv_log_data_location`
--
ALTER TABLE `inv_log_data_location`
  MODIFY `id` int(12) UNSIGNED NOT NULL AUTO_INCREMENT, AUTO_INCREMENT=19;

--
-- AUTO_INCREMENT for table `inv_log_data_status`
--
ALTER TABLE `inv_log_data_status`
  MODIFY `id` int(12) UNSIGNED NOT NULL AUTO_INCREMENT, AUTO_INCREMENT=14;

--
-- AUTO_INCREMENT for table `inv_status`
--
ALTER TABLE `inv_status`
  MODIFY `id` int(12) UNSIGNED NOT NULL AUTO_INCREMENT, AUTO_INCREMENT=4;

--
-- AUTO_INCREMENT for table `login_attempts`
--
ALTER TABLE `login_attempts`
  MODIFY `id` int(11) UNSIGNED NOT NULL AUTO_INCREMENT;

--
-- AUTO_INCREMENT for table `master_color`
--
ALTER TABLE `master_color`
  MODIFY `id` tinyint(2) UNSIGNED NOT NULL AUTO_INCREMENT, AUTO_INCREMENT=10;

--
-- AUTO_INCREMENT for table `users`
--
ALTER TABLE `users`
  MODIFY `id` int(11) UNSIGNED NOT NULL AUTO_INCREMENT, AUTO_INCREMENT=42;

--
-- AUTO_INCREMENT for table `users_groups`
--
ALTER TABLE `users_groups`
  MODIFY `id` int(11) UNSIGNED NOT NULL AUTO_INCREMENT, AUTO_INCREMENT=9;

--
-- Constraints for dumped tables
--

--
-- Constraints for table `users_groups`
--
ALTER TABLE `users_groups`
  ADD CONSTRAINT `fk_users_groups_groups1` FOREIGN KEY (`group_id`) REFERENCES `groups` (`id`) ON DELETE CASCADE ON UPDATE NO ACTION,
  ADD CONSTRAINT `fk_users_groups_users1` FOREIGN KEY (`user_id`) REFERENCES `users` (`id`) ON DELETE CASCADE ON UPDATE NO ACTION;
COMMIT;

/*!40101 SET CHARACTER_SET_CLIENT=@OLD_CHARACTER_SET_CLIENT */;
/*!40101 SET CHARACTER_SET_RESULTS=@OLD_CHARACTER_SET_RESULTS */;
/*!40101 SET COLLATION_CONNECTION=@OLD_COLLATION_CONNECTION */;
